{
  "project_info": {
    "project_number": "561881829685",
    "firebase_url": "https://pizza-21ea5.firebaseio.com",
    "project_id": "pizza-21ea5",
    "storage_bucket": "pizza-21ea5.appspot.com"
  },
  "client": [
    {
      "client_info": {
        "mobilesdk_app_id": "1:561881829685:android:5d04e75f6e72e1f7dd7c7c",
        "android_client_info": {
          "package_name": "com.project.pizza"
        }
      },
      "oauth_client": [
        {
          "client_id": "561881829685-shbgmeo5td8306ev7jisorhgcv1tt6rp.apps.googleusercontent.com",
          "client_type": 3
        }
      ],
      "api_key": [
        {
          "current_key": "AIzaSyCh470ukqZUwWEbv0jIlwrT5wX-esxklyY"
        }
      ],
      "services": {
        "appinvite_service": {
          "other_platform_oauth_client": [
            {
              "client_id": "561881829685-shbgmeo5td8306ev7jisorhgcv1tt6rp.apps.googleusercontent.com",
              "client_type": 3
            }
          ]
        }
      }
    }
  ],
  "configuration_version": "1"
}